350org,23487929637,https://api.github.com/orgs/350org
,23487929676,
morpho-dao,23487929674,https://api.github.com/orgs/morpho-dao
,23487929661,
,23487929682,
,23487929673,
dendronhq,23487929588,https://api.github.com/orgs/dendronhq
,23487929636,
,23487929580,
,23487929591,
,23487929533,
,23487929573,
Sooktoring,23487929349,https://api.github.com/orgs/Sooktoring
,23487929578,
livepeer,23487929597,https://api.github.com/orgs/livepeer
,23487929522,
,23487929560,
,23487929536,
product-os,23487929501,https://api.github.com/orgs/product-os
,23487929523,
,23487929494,
,23487929532,
,23487929508,
web-application-app,23487929447,https://api.github.com/orgs/web-application-app
,23487929496,
,23487929420,
,23487929439,
,23487929452,
,23487929428,
stolostron,23487929425,https://api.github.com/orgs/stolostron
